First name,Last name
Cleveland ,Acevedo
Keaton ,Adam
Lloyd ,Almond
Kate ,Andrew
Freddie ,Baker
Rebecca ,Ball
Ameena ,Bass
Serena ,Beck
Teejay ,Beil
Axl ,Benjamin
Paisley ,Britton
Karla ,Browning
Jodi ,Cantu
Joao ,Carney
Jeff ,Carr
Saoirse ,Carroll
Inaayah ,Cartwright
Billy-Joe ,Carver
Jadene ,Cash
Audrey ,Cervantes
Gracie-Leigh ,Combs
Stewart ,Cooley
Santiago ,Cunningham
Sean ,Donovan
Kameron ,Dudley
Emily,Ewing
Jarrod ,Ferguson
Stan ,Findlay
Lylah ,Fountain
Igor ,Franco
Amie ,Franks
Marissa ,Fuller
Korben ,Gallagher
Philip ,Galvan
Kaitlyn ,Gill
Star ,Glass
Anabel ,Goff
Mai ,Goulding
Tillie ,Greer
Oakley ,Griffith
Tristan ,Harding
Rickie ,Hardy
Ayesha ,Harvey
Tia ,Henderson
Miah ,Herbert
Abdur-Rahman ,Hogan
Macy ,Hollis
Adelaide ,Horton
Griffin ,Howe
Anastasia ,Jones
Emil ,Keeling
Veronica ,Keenan
Eleri ,Kelley
Zayn ,Kennedy
Bethan ,Lane
Chance ,Leal
Zackery ,Leblanc
William ,Lennon
Burhan ,Lin
Lochlan,Lowery
Axel ,Lucero
Shantelle ,Lynn
Lillie-May ,Macdonald
Percy ,Mackenzie
Rabia ,Martinez
Tevin ,Mason
Kamil ,Mayer
Amna ,Mccaffrey
Krzysztof ,Mccormick
Ann-Marie ,Mcdonnell
Ariyah ,Mellor
Humayra ,Mooney
Skylar ,Morrison
Karim ,Morrow
Karis ,Munoz
Caden ,Mustafa
Megan ,Myers
Rikesh ,Needham
Zacharias ,Nicholson
Rex ,Noble
Ziva ,Odling
Keelan ,Pacheco
Nada ,Palmer
Kenzo ,Parsons
Timur ,Parsons
Bridie ,Patterson
Tomas ,Potter
Eliza ,Randolph
Mylah ,Rawlings
Nella ,Richards
Bilal ,Ritter
Kerrie ,Roman
Cain ,Salgado
Harriette ,Sierra
Padraig ,Singh
Lexi-Mae ,Sullivan
Keane ,Sweet
Brent ,Thorpe
Montel ,Vasquez
Charlize ,Velasquez
Cassius ,Ware
Jeffery ,Webster
Anjali ,Welch
Adrianna ,Wharton
Lavinia ,Wheatley
Rojin ,Whittington
Akshay ,Wilson
Alfie-Lee ,Winters
Michalina ,Woodley